-- ========================
-- 축제 (Festival)
-- ========================
INSERT INTO festival (university_name, festival_name, start_date, end_date, zoom, latitude, longitude)
VALUES ('서울시립대학교', '2025 시립 Water Festival: AQUA WAVE', '2025-08-04', '2025-08-06', 15, 37.583585, 127.0588862);

-- ========================
-- 축제 이미지 (FestivalImage)
-- ========================
INSERT INTO festival_image (festival_id, image_url, sequence)
VALUES (1, 'https://www.themoviedb.org/t/p/w1280/vpnVM9B6NMmQpWeZvzLvDESb2QY.jpg', 1),
       (1, 'https://www.themoviedb.org/t/p/w1280/qNBAXBIQlnOThrVvA6mA2B5ggV6.jpg', 2),
       (1, 'https://cdn.cgv.co.kr/cgvpomsfilm/Movie/Thumbnail/Poster/000089/89833/89833_320.jpg', 3),
       (1, 'https://image.tmdb.org/t/p/original/uxSb5N9S1vtUTeAyQQxiQ6CFGrc.jpg', 4),
       (1, 'https://www.themoviedb.org/t/p/w1280/fwch4T5aUDPuJ6zUzkub8prfhtI.jpg', 5);

-- ========================
-- 축제 폴리곤 구멍 경계 (FestivalPolygonHoleBoundary)
-- ========================
INSERT INTO festival_polygon_hole_boundary (festival_id, latitude, longitude)
VALUES (1, 37.5863631, 127.0564018),
       (1, 37.5862823, 127.0562999),
       (1, 37.5862047, 127.0562275),
       (1, 37.5862058, 127.0561899),
       (1, 37.5861824, 127.0561363),
       (1, 37.5860528, 127.0560719),
       (1, 37.5858593, 127.0560357),
       (1, 37.5856287, 127.0560384),
       (1, 37.5855022, 127.0560009),
       (1, 37.5854629, 127.0560639),
       (1, 37.5851590, 127.0558198),
       (1, 37.5850856, 127.0558198),
       (1, 37.5848678, 127.0556213),
       (1, 37.5847466, 127.0555744),
       (1, 37.5847679, 127.0554054),
       (1, 37.5847094, 127.0552337),
       (1, 37.5846159, 127.0551291),
       (1, 37.5844119, 127.0550809),
       (1, 37.5843375, 127.0549883),
       (1, 37.5841972, 127.0549239),
       (1, 37.5839187, 127.0549320),
       (1, 37.5838465, 127.0548971),
       (1, 37.5836020, 127.0549347),
       (1, 37.5833193, 127.0550044),
       (1, 37.5831450, 127.0549749),
       (1, 37.5830239, 127.0550071),
       (1, 37.5829474, 127.0549910),
       (1, 37.5829133, 127.0550983),
       (1, 37.5828304, 127.0551573),
       (1, 37.5829006, 127.0556106),
       (1, 37.5825541, 127.0558252),
       (1, 37.5819611, 127.0560558),
       (1, 37.5818792, 127.0561417),
       (1, 37.5818272, 127.0561645),
       (1, 37.5818187, 127.0561940),
       (1, 37.5818559, 127.0562946),
       (1, 37.5818591, 127.0564930),
       (1, 37.5819366, 127.0570228),
       (1, 37.5819696, 127.0579790),
       (1, 37.5825616, 127.0582727),
       (1, 37.5825446, 127.0583907),
       (1, 37.5822172, 127.0590934),
       (1, 37.5824617, 127.0599410),
       (1, 37.5824255, 127.0601261),
       (1, 37.5821896, 127.0604184),
       (1, 37.5820897, 127.0608127),
       (1, 37.5820897, 127.0610112),
       (1, 37.5821641, 127.0610219),
       (1, 37.5821364, 127.0613143),
       (1, 37.5821938, 127.0613894),
       (1, 37.5824383, 127.0618910),
       (1, 37.5824447, 127.0621337),
       (1, 37.5825350, 127.0623711),
       (1, 37.5825074, 127.0625656),
       (1, 37.5825446, 127.0627587),
       (1, 37.5825297, 127.0628378),
       (1, 37.5832853, 127.0634976),
       (1, 37.5848391, 127.0641132),
       (1, 37.5849560, 127.0637967),
       (1, 37.5851452, 127.0635285),
       (1, 37.5851494, 127.0633836),
       (1, 37.5854002, 127.0629317),
       (1, 37.5853078, 127.0626755),
       (1, 37.5854172, 127.0621726),
       (1, 37.5855320, 127.0621082),
       (1, 37.5855394, 127.0615691),
       (1, 37.5855033, 127.0614189),
       (1, 37.5853917, 127.0611949),
       (1, 37.5853322, 127.0609951),
       (1, 37.5851462, 127.0605928),
       (1, 37.5851228, 127.0600040),
       (1, 37.5850750, 127.0599035),
       (1, 37.5851622, 127.0595937),
       (1, 37.5852748, 127.0595293),
       (1, 37.5850920, 127.0578154),
       (1, 37.5859465, 127.0576973),
       (1, 37.5860241, 127.0576169),
       (1, 37.5860698, 127.0573165),
       (1, 37.5861845, 127.0570214),
       (1, 37.5862685, 127.0566137),
       (1, 37.5863179, 127.0565225),
       (1, 37.5863025, 127.0565064);

-- ========================
-- 일정 날짜 (EventDate)
-- ========================
INSERT INTO event_date (festival_id, date)
VALUES (1, '2025-08-04'),
       (1, '2025-08-05'),
       (1, '2025-08-06');
-- VALUES (1, ADDDATE(CURDATE(), -1)),
--        (1, CURDATE()),
--        (1, ADDDATE(CURDATE(), 1));

-- ========================
-- 타임라인 (Event)
-- ========================
INSERT INTO event (start_time, end_time, title, location, event_date_id)
VALUES ('10:00:00', '11:30:00', '개막식', '운동장', 1),
       ('13:00:00', '14:00:00', '한소래', '학생회관 앞 자주터', 1),
       ('14:30:00', '15:30:00', '그림누리', '학생회관 앞 자주터', 1),
       ('16:00:00', '17:00:00', 'THRASH AL', '학생회관 앞 자주터', 1),
       ('18:00:00', '19:00:00', '새벽을알리는소리', '학생회관 앞 자주터', 1),
       ('19:30:00', '20:30:00', '연예인 공연: 프로미스 나인', '학생회관 앞 자주터', 1),
       ('20:30:00', '21:00:00', '연예인 공연: YB', '학생회관 앞 자주터', 1),
       ('21:00:00', '22:00:00', '연예인 공연: 잔나비', '학생회관 앞 자주터', 1),
       ('10:00:00', '11:00:00', '전체 학생 총회', '중앙무대', 2),
       ('11:00:00', '12:00:00', '바운스', '중앙무대', 2),
       ('12:30:00', '13:30:00', '새물결', '중앙무대', 2),
       ('14:00:00', '15:30:00', '제퍼나이어', '중앙무대', 2),
       ('16:00:00', '17:00:00', '파이', '중앙무대', 2),
       ('17:30:00', '18:30:00', '한소래X새물결', '중앙무대', 2),
       ('19:30:00', '20:30:00', '연예인 공연: 백예린', '중앙무대', 2),
       ('20:30:00', '21:00:00', '연예인 공연: ITZY', '중앙무대', 2),
       ('21:00:00', '22:00:00', '연예인 공연: 에스파', '중앙무대', 2),
       ('09:30:00', '10:30:00', 'Tru-Hz', '운동장', 3),
       ('11:00:00', '12:00:00', 'Jane', '운동장', 3),
       ('12:30:00', '13:30:00', '발광', '운동장', 3),
       ('14:00:00', '15:00:00', '발라드림', '운동장', 3),
       ('15:30:00', '16:00:00', 'F.A', '운동장', 3),
       ('16:00:00', '17:00:00', '네이키드', '운동장', 3),
       ('17:30:00', '18:30:00', '연예인 공연: 카더가든', '운동장', 3),
       ('19:30:00', '20:30:00', '연예인 공연: 창모', '운동장', 3),
       ('20:30:00', '21:00:00', '연예인 공연: 싸이', '운동장', 3),
       ('21:00:00', '22:00:00', '폐막식', '운동장', 3);

-- ========================
-- 전체 공지사항 (Announcement)
-- ========================
INSERT INTO announcement (title, content, is_pinned, festival_id, created_at)
VALUES ('축제 입장 규칙 안내', '재학생 존은 배부된 띠지를 통해서만 입장할 수 있습니다.', false, 1, '2025-07-16 10:00:00'),
       ('주점 주류 판매 안내', '주점에서 직접 주류를 판매하지 않습니다. 이 점 참고해 주세요.', true, 1, '2025-07-17 09:00:00'),
       ('우천 시 대피 안내', '비가 올 경우 모든 야외 행사는 체육관으로 이동합니다.', false, 1, '2025-07-16 11:00:00'),
       ('푸드코트 운영 시간 안내', '푸드코트는 매일 오전 11시부터 오후 9시까지 운영됩니다.', false, 1, '2025-07-18 14:30:00'),
       ('주차 안내', '주차는 남문 주차장을 이용해 주시기 바랍니다. 주차권은 안내데스크에서 발급받으실 수 있습니다.', false, 1, '2025-07-19 08:45:00'),
       ('쓰레기 분리배출 안내', '축제장 곳곳에 마련된 분리수거함을 이용해 주세요. 환경을 위한 작은 실천에 동참해주세요!', false, 1, '2025-07-16 12:10:00'),
       ('축제 기간 안전 수칙 및 응급 대응 안내',
        '행사장 내에는 응급의료 텐트가 있으며, 화기 및 주류 반입은 금지됩니다. 밀집 구역에서는 뛰지 말고, 진행요원의 안내를 따라주세요. 모두의 안전을 위해 협조 부탁드립니다.',
        false, 1, '2025-10-15 08:30:00'),
       ('SNS 인증 캠페인 안내', '#2025AQUAWAVE 해시태그와 함께 축제 사진을 인스타그램에 올리면 추첨을 통해 기념품을 드립니다!', true, 1, '2025-07-16 12:20:00');

-- ========================
-- 자주 묻는 질문 (Question)
-- ========================
INSERT INTO question (festival_id, question, answer, sequence)
VALUES (1, '차를 가져가도 될까요?', '동문 주차장을 이용하실 수 있습니다.', 1),
       (1, '부스 위치가 궁금해요.', '푸드트럭은 운동장 오른쪽 라인에 위치합니다.', 2),
       (1, '페스타북 앱은 어떻게 활용하나요?',
        '페스타북 앱은 공연 정보, 지도, 공지사항 등을 확인할 수 있는 공식 플랫폼입니다. 이벤트 참여와 알림 수신도 가능합니다.', 3),
       (1, '개인 음식이나 음료를 가져가도 되나요?',
        '음식물 반입은 가능하나, 냄새가 강한 음식은 제한될 수 있으며, 취식은 지정된 공간에서만 가능합니다.', 4);

-- ========================
-- 플레이스 (Place)
-- ========================
INSERT INTO place (festival_id, category, latitude, longitude)
VALUES (1, 'BAR', 37.5848056, 127.0600224),
       (1, 'BAR', 37.5845384, 127.0595952),
       (1, 'BAR', 37.5845279, 127.0594143),
       (1, 'BAR', 37.584533, 127.0595048),
       (1, 'BAR', 37.5844383, 127.0594228),
       (1, 'BAR', 37.5844437, 127.0595126),
       (1, 'BAR', 37.5845523, 127.0598287),
       (1, 'BAR', 37.5844481, 127.0596032),
       (1, 'BAR', 37.5845607, 127.0599299),
       (1, 'BAR', 37.5845648, 127.0600284),
       (1, 'BAR', 37.5844628, 127.0598384),
       (1, 'BAR', 37.5844675, 127.0599375),
       (1, 'BAR', 37.5844713, 127.0600434),
       (1, 'BAR', 37.5847323, 127.0600282),
       (1, 'BAR', 37.5846605, 127.0600376),
       (1, 'BAR', 37.584748, 127.0601468),
       (1, 'BAR', 37.5846733, 127.0601514),
       (1, 'BAR', 37.5846038, 127.0601572),
       (1, 'BAR', 37.5845319, 127.0584097),
       (1, 'BAR', 37.5846285, 127.0584002),
       (1, 'BAR', 37.5844312, 127.0584175),
       (1, 'BAR', 37.5843356, 127.0584253),
       (1, 'BAR', 37.5846441, 127.0586167),
       (1, 'BAR', 37.5845478, 127.0586261),
       (1, 'BAR', 37.5841608, 127.0591284),
       (1, 'BAR', 37.5841586, 127.0592252),
       (1, 'BAR', 37.584157, 127.0593311),
       (1, 'BAR', 37.5841556, 127.0594295),
       (1, 'BOOTH', 37.5841658, 127.060024),
       (1, 'BOOTH', 37.5841646, 127.059919),
       (1, 'BOOTH', 37.5841637, 127.0598145),
       (1, 'BOOTH', 37.5841691, 127.0601289),
       (1, 'BOOTH', 37.5841694, 127.0602325),
       (1, 'BOOTH', 37.5841702, 127.0603397),
       (1, 'BOOTH', 37.5841722, 127.0604429),
       (1, 'BOOTH', 37.5841753, 127.0605496),
       (1, 'BOOTH', 37.5841786, 127.0606659),
       (1, 'BOOTH', 37.584182, 127.0607741),
       (1, 'BOOTH', 37.5841842, 127.0608818),
       (1, 'BOOTH', 37.5841885, 127.0609991),
       (1, 'BOOTH', 37.5841906, 127.0611084),
       (1, 'BOOTH', 37.5841945, 127.061223),
       (1, 'BOOTH', 37.5836805, 127.0559475),
       (1, 'BOOTH', 37.5837259, 127.056042),
       (1, 'BOOTH', 37.583768, 127.0561401),
       (1, 'BOOTH', 37.5838076, 127.0562293),
       (1, 'BOOTH', 37.5838513, 127.0563281),
       (1, 'BOOTH', 37.5838932, 127.0564181),
       (1, 'BOOTH', 37.5839362, 127.0565085),
       (1, 'BOOTH', 37.5839799, 127.0566055),
       (1, 'BOOTH', 37.5840236, 127.0567025),
       (1, 'BOOTH', 37.5840653, 127.0567961),
       (1, 'FOOD_TRUCK', 37.5839601, 127.0581147),
       (1, 'FOOD_TRUCK', 37.5839205, 127.058109),
       (1, 'FOOD_TRUCK', 37.5838802, 127.0581063),
       (1, 'FOOD_TRUCK', 37.5838365, 127.0581041),
       (1, 'FOOD_TRUCK', 37.5837901, 127.0581009),
       (1, 'FOOD_TRUCK', 37.5837444, 127.0580971),
       (1, 'FOOD_TRUCK', 37.5837001, 127.0580934),
       (1, 'FOOD_TRUCK', 37.5836528, 127.0580892),
       (1, 'FOOD_TRUCK', 37.5839157, 127.0583614),
       (1, 'FOOD_TRUCK', 37.5838763, 127.0583567),
       (1, 'FOOD_TRUCK', 37.5838398, 127.0583523),
       (1, 'FOOD_TRUCK', 37.5837949, 127.058348),
       (1, 'FOOD_TRUCK', 37.5837532, 127.0583428),
       (1, 'FOOD_TRUCK', 37.5836693, 127.0583343),
       (1, 'FOOD_TRUCK', 37.5836277, 127.0583295),
       (1, 'FOOD_TRUCK', 37.583585, 127.0583253),
       (1, 'FOOD_TRUCK', 37.5835369, 127.0583212),
       (1, 'SMOKING', 37.5832705, 127.060786),
       (1, 'SMOKING', 37.5845014, 127.0561326),
       (1, 'SMOKING', 37.5837253, 127.0606991),
       (1, 'TRASH_CAN', 37.5844069, 127.0569222),
       (1, 'TRASH_CAN', 37.583354, 127.0581572),
       (1, 'TRASH_CAN', 37.5847297, 127.0605832),
       (1, 'TRASH_CAN', 37.5844988, 127.0612147),
       (1, 'TRASH_CAN', 37.5833199, 127.0595985);

-- ========================
-- 플레이스 세부 정보 (PlaceDetail)
-- ========================
INSERT INTO place_detail (place_id, title, description, location, host, start_time, end_time)
VALUES (1, '루프탑 칵테일 바', '아름다운 야경과 특별한 칵테일', 'BAR 존 A-1', '스카이 블리스', '18:00:00', '00:00:00'),
       (2, '크래프트 비어 탭룸', '다양한 수제 맥주를 맛볼 수 있는 공간', 'BAR 존 A-2', '홉앤몰트', '17:00:00', '23:00:00'),
       (3, '위스키 라운지', '깊은 풍미의 위스키와 아늑한 분위기', 'BAR 존 A-3', '골든 글라스', '19:00:00', '01:00:00'),
       (4, '재즈 라이브 바', '감미로운 재즈 선율과 함께하는 밤', 'BAR 존 A-4', '블루 노트', '20:00:00', '02:00:00'),
       (5, '모던 전통주점', '퓨전 안주와 어울리는 우리 술', 'BAR 존 A-5', '한잔의 미학', '16:00:00', '22:00:00'),
       (6, '아웃도어 펍', '시원한 야외에서 즐기는 캐주얼 펍', 'BAR 존 A-6', '그린 가든 펍', '15:00:00', '23:00:00'),
       (7, '와인 테이스팅 바', '소믈리에 추천 오늘의 와인', 'BAR 존 A-7', '빈티지 컬렉션', '17:30:00', '23:30:00'),
       (8, '스포츠 바', '대형 스크린으로 즐기는 스포츠 경기', 'BAR 존 A-8', '챔피언스 리그 바', '14:00:00', '22:00:00'),
       (9, '싱글 몰트 BAR', '다양한 싱글 몰트 위스키 전문점', 'BAR 존 A-9', '더 몰트 셀러', '18:00:00', '00:00:00'),
       (10, '데킬라 & 럼 바', '이국적인 맛의 데킬라와 럼 전문', 'BAR 존 A-10', '카리브의 밤', '19:00:00', '01:00:00'),
       (11, '프리미엄 칵테일 라운지', '고급스러운 분위기의 칵테일 바', 'BAR 존 A-11', '엘레강스 믹스', '20:00:00', '02:00:00'),
       (12, '수제 사케 바', '일본식 사케와 간단한 안주', 'BAR 존 A-12', '사케노 유메', '17:00:00', '23:00:00'),
       (13, '보드카 아이스 바', '얼음 조각으로 꾸며진 테마 바', 'BAR 존 A-13', '프로즌 스카이', '18:00:00', '23:00:00'),
       (14, '글로벌 병맥주 바', '세계 각국의 병맥주를 한자리에서', 'BAR 존 A-14', '월드 비어 가든', '16:00:00', '22:00:00'),
       (15, '아늑한 북 바', '책과 술을 함께 즐기는 조용한 공간', 'BAR 존 A-15', '페이지 앤 글라스', '15:00:00', '22:00:00'),
       (16, '피맥 전문점', '수제 맥주와 화덕 피자의 환상 조합', 'BAR 존 A-16', '피자앤탭', '14:00:00', '21:00:00'),
       (17, '샴페인 바', '특별한 날을 위한 샴페인 셀렉션', 'BAR 존 A-17', '버블 룸', '19:00:00', '01:00:00'),
       (18, '팝업 BAR', '기간 한정으로 열리는 특별한 컨셉 바', 'BAR 존 A-18', '서프라이즈 바', '18:00:00', '23:00:00'),
       (19, '미니멀리스트 BAR', '깔끔하고 정돈된 분위기의 작은 바', 'BAR 존 A-19', '젠 라운지', '17:00:00', '23:00:00'),
       (20, '탭 하우스 2호점', '더 넓은 공간에서 즐기는 다양한 탭 비어', 'BAR 존 A-20', '탭스터즈 투', '16:00:00', '23:00:00'),
       (21, '야외 스탠딩 바', '간단하게 한 잔 즐기기 좋은 캐주얼 바', 'BAR 존 A-21', '스탠딩 오아시스', '15:00:00', '22:00:00'),
       (22, '테라스 비어 바', '시원한 바람을 맞으며 맥주 한 잔', 'BAR 존 A-22', '바람부는 테라스', '16:00:00', '23:00:00'),
       (23, '이색 칵테일 바', '독특한 재료로 만든 시그니처 칵테일', 'BAR 존 A-23', '크리에이티브 믹스', '17:00:00', '23:00:00'),
       (24, '클래식 펍', '영국식 정통 펍 분위기', 'BAR 존 A-24', '올드 런던 펍', '14:00:00', '22:00:00'),
       (25, '게스트 탭 BAR', '매주 바뀌는 특별한 게스트 맥주', 'BAR 존 A-25', '오늘의 탭', '16:00:00', '22:00:00'),
       (26, '독립 맥주 탭룸', '소규모 양조장의 개성 있는 맥주', 'BAR 존 A-26', '인디 브루', '15:00:00', '23:00:00'),
       (27, '프라이빗 라운지 BAR', '예약제로 운영되는 고급스러운 프라이빗 공간', 'BAR 존 A-27', '더 룸', '20:00:00', '03:00:00'),
       (28, '하드코어 BAR', '강렬한 음악과 개성 넘치는 분위기', 'BAR 존 A-28', '록앤롤 바', '21:00:00', '04:00:00'),
       (29, '수공예 마켓 부스', '핸드메이드 액세서리, 소품 판매 및 체험', 'BOOTH 존 B-1', '금손 공방', '10:00:00', '19:00:00'),
       (30, 'VR 게임 체험존', '생생한 가상현실 게임을 즐겨보세요', 'BOOTH 존 B-2', '버추얼 플레이', '11:00:00', '20:00:00'),
       (31, '페이스 페인팅 & 헤나', '화려하고 재미있는 그림으로 변신', 'BOOTH 존 B-3', '아트 페이스', '09:00:00', '18:00:00'),
       (32, '타로 & 심리 상담', '고민을 나누고 미래를 점쳐보는 시간', 'BOOTH 존 B-4', '운명 나침반', '12:00:00', '21:00:00'),
       (33, '즉석 캐리커처 스튜디오', '유쾌한 모습으로 그려주는 나만의 초상화', 'BOOTH 존 B-5', '웃음 캐리커처', '10:30:00', '19:30:00'),
       (34, '포토 부스 & 인생네컷', '다양한 소품으로 특별한 사진 남기기', 'BOOTH 존 B-6', '추억 기록소', '10:00:00', '22:00:00'),
       (35, '환경 캠페인 부스', '재활용 체험 및 친환경 제품 전시', 'BOOTH 존 B-7', '그린 라이프', '09:00:00', '17:00:00'),
       (36, '캘리그라피 체험', '아름다운 손글씨로 엽서 만들기', 'BOOTH 존 B-8', '글씨의 미학', '11:00:00', '18:00:00'),
       (37, '반려동물 상담 & 용품', '전문가와 함께하는 반려동물 솔루션', 'BOOTH 존 B-9', '댕냥이 행복존', '12:00:00', '17:00:00'),
       (38, '스트릿 매직 쇼', '눈앞에서 펼쳐지는 놀라운 마술 공연', 'BOOTH 존 B-10', '매직 스트릿', '14:00:00', '21:00:00'),
       (39, '보드게임 카페 부스', '친구들과 함께 즐기는 다양한 보드게임', 'BOOTH 존 B-11', '두뇌 트레이닝', '13:00:00', '22:00:00'),
       (40, '향수 & 디퓨저 공방', '나만의 시그니처 향수 만들기', 'BOOTH 존 B-12', '향기로운 기억', '12:00:00', '19:00:00'),
       (41, '플리마켓 & 빈티지샵', '숨겨진 보물과 개성 있는 빈티지 아이템', 'BOOTH 존 B-13', '레트로 마켓', '10:00:00', '18:00:00'),
       (42, '전통 공예 체험', '한지, 매듭 등 한국 전통 공예 배우기', 'BOOTH 존 B-14', '얼쑤 공방', '11:00:00', '17:00:00'),
       (43, '미니 온실 체험', '작은 식물을 직접 심어보는 체험', 'BOOTH 존 B-15', '초록 힐링', '11:00:00', '17:00:00'),
       (44, '컬러링 테라피', '명상과 함께하는 컬러링 힐링', 'BOOTH 존 B-16', '마음 색칠하기', '10:00:00', '18:00:00'),
       (45, '모바일 게임 체험존', '최신 모바일 게임 무료 시연', 'BOOTH 존 B-17', '게임 플레이', '11:00:00', '20:00:00'),
       (46, '팝아트 초상화 그리기', '개성 있는 팝아트 스타일로 나를 표현', 'BOOTH 존 B-18', '팝아트 아뜰리에', '13:00:00', '19:00:00'),
       (47, '즉석 타투 스티커', '다양한 디자인의 트렌디 타투 스티커', 'BOOTH 존 B-19', '스타일 타투', '10:00:00', '20:00:00'),
       (48, '사진 소품 대여', '이색적인 사진 촬영을 위한 다양한 소품', 'BOOTH 존 B-20', '포토박스', '09:00:00', '21:00:00'),
       (49, 'AI 체험 부스', '최신 AI 기술을 직접 경험해보세요', 'BOOTH 존 B-21', '미래 기술 체험', '10:00:00', '18:00:00'),
       (50, '드론 조종 체험', '미니 드론을 직접 조종해보는 시간', 'BOOTH 존 B-22', '하늘을 나는 드론', '11:00:00', '17:00:00'),
       (51, '가상 스포츠 체험존', '스크린 야구, 양궁 등 실내 스포츠', 'BOOTH 존 B-23', '스포츠 히어로', '10:00:00', '20:00:00'),
       (52, 'VR 어트랙션', '스릴 넘치는 가상현실 어트랙션', 'BOOTH 존 B-24', '익스트림 VR', '12:00:00', '21:00:00'),
       (53, '컵케이크 푸드트럭', '다양한 맛의 수제 컵케이크와 커피', 'FOOD_TRUCK 존 C-1', '달콤한 유혹', '10:00:00', '20:00:00'),
       (54, '스테이크 푸드트럭', '육즙 가득한 프리미엄 스테이크', 'FOOD_TRUCK 존 C-2', '더 스테이크 팩토리', '11:00:00', '21:00:00'),
       (55, '쉬림프 박스 푸드트럭', '갈릭 버터 새우와 즉석 덮밥', 'FOOD_TRUCK 존 C-3', '새우대장', '12:00:00', '22:00:00'),
       (56, '타코 푸드트럭', '정통 멕시칸 타코와 부리또', 'FOOD_TRUCK 존 C-4', '엘 타코 킹', '12:30:00', '21:30:00'),
       (57, '떡볶이 푸드트럭', '매콤달콤 국민 간식 떡볶이와 튀김', 'FOOD_TRUCK 존 C-5', '국민 떡볶이', '13:00:00', '22:00:00'),
       (58, '크레페 & 와플 트럭', '달콤한 디저트와 신선한 과일 토핑', 'FOOD_TRUCK 존 C-6', '스위트 블라썸', '11:00:00', '20:00:00'),
       (59, '핫도그 전문 트럭', '다양한 소스와 토핑의 퓨전 핫도그', 'FOOD_TRUCK 존 C-7', '핫도그 랩', '10:00:00', '19:00:00'),
       (60, '아이스크림 & 빙수', '시원하고 달콤한 소프트 아이스크림', 'FOOD_TRUCK 존 C-8', '쿨 디저트', '12:00:00', '20:00:00'),
       (61, '닭꼬치 푸드트럭', '숯불 향 가득한 매콤 달콤 닭꼬치', 'FOOD_TRUCK 존 C-9', '꼬치마스터', '14:00:00', '23:00:00'),
       (62, '샌드위치 & 샐러드', '신선한 재료로 만든 건강 샌드위치', 'FOOD_TRUCK 존 C-10', '프레시 랩', '09:00:00', '17:00:00'),
       (63, '군밤 & 군고구마', '따끈따끈한 가을/겨울 별미', 'FOOD_TRUCK 존 C-11', '따끈한 정', '15:00:00', '21:00:00'),
       (64, '커피 & 음료 트럭', '전문 바리스타가 내리는 커피', 'FOOD_TRUCK 존 C-12', '커피로드', '08:00:00', '18:00:00'),
       (65, '추로스 & 츄러스', '겉바속촉 달콤한 추로스', 'FOOD_TRUCK 존 C-13', '츄러스 매직', '11:00:00', '20:00:00'),
       (66, '분식 포차 트럭', '떡볶이, 순대, 어묵 등 추억의 분식', 'FOOD_TRUCK 존 C-14', '추억의 맛', '13:00:00', '22:00:00'),
       (67, '타코야끼 푸드트럭', '문어가 듬뿍, 쫄깃한 타코야끼', 'FOOD_TRUCK 존 C-15', '문어빵 장인', '14:00:00', '23:00:00'),
       (68, '과일 주스 & 스무디', '생과일로 만든 건강 음료', 'FOOD_TRUCK 존 C-16', '비타민 충전', '10:00:00', '19:00:00'),
       (69, '피자 푸드트럭', '즉석에서 구워주는 화덕 피자', 'FOOD_TRUCK 존 C-17', '피자 온 더 로드', '12:00:00', '21:00:00');

-- ========================
-- 플레이스 공지사항 (PlaceAnnouncement)
-- ========================
INSERT INTO place_announcement (place_id, title, content, created_at)
VALUES (1, '이벤트 참여 방법', '줄서기 및 거리두기를 지켜주세요.', '2025-07-16 12:01:00'),
       (1, '운영 시간 변경 안내', '오늘 준비된 수량이 모두 소진되었습니다.', '2025-07-16 12:02:00'),
       (3, '운영 시간 변경 안내', '더운 날씨로 인한 잠시 휴식이 예정되어 있습니다.', '2025-07-16 12:03:00'),
       (3, '이벤트 참여 방법', '더운 날씨로 인한 잠시 휴식이 예정되어 있습니다.', '2025-07-16 12:04:00'),
       (3, '운영 시간 변경 안내', '오늘 준비된 수량이 모두 소진되었습니다.', '2025-07-16 12:04:00'),
       (3, '이벤트 참여 방법', 'SNS 인증 시 기념품 제공됩니다.', '2025-07-16 12:10:00'),
       (5, '물품 소진 안내', '오늘 준비된 수량이 모두 소진되었습니다.', '2025-07-16 12:03:00'),
       (5, '주의 사항', '오늘 준비된 수량이 모두 소진되었습니다.', '2025-07-16 12:06:00'),
       (5, '운영 시간 변경 안내', '내부 사정으로 인해 시간 변경이 있습니다.', '2025-07-16 12:04:00'),
       (6, '물품 소진 안내', '내부 사정으로 인해 시간 변경이 있습니다.', '2025-07-16 12:12:00'),
       (6, '이벤트 참여 방법', '오늘 준비된 수량이 모두 소진되었습니다.', '2025-07-16 12:10:00'),
       (6, '운영 시간 변경 안내', 'SNS 인증 시 기념품 제공됩니다.', '2025-07-16 12:25:00'),
       (8, '임시 휴식 시간', '오늘 준비된 수량이 모두 소진되었습니다.', '2025-07-16 12:06:00'),
       (8, '임시 휴식 시간', 'SNS 인증 시 기념품 제공됩니다.', '2025-07-16 12:07:00'),
       (8, '물품 소진 안내', 'SNS 인증 시 기념품 제공됩니다.', '2025-07-16 12:21:00'),
       (9, '주의 사항', '더운 날씨로 인한 잠시 휴식이 예정되어 있습니다.', '2025-07-16 12:08:00'),
       (9, '물품 소진 안내', '더운 날씨로 인한 잠시 휴식이 예정되어 있습니다.', '2025-07-16 12:24:00'),
       (10, '이벤트 참여 방법', '줄서기 및 거리두기를 지켜주세요.', '2025-07-16 12:01:00'),
       (10, '운영 시간 변경 안내', '오늘 준비된 수량이 모두 소진되었습니다.', '2025-07-16 12:02:00'),
       (11, '운영 시간 변경 안내', '더운 날씨로 인한 잠시 휴식이 예정되어 있습니다.', '2025-07-16 12:03:00'),
       (12, '이벤트 참여 방법', '더운 날씨로 인한 잠시 휴식이 예정되어 있습니다.', '2025-07-16 12:04:00'),
       (12, '운영 시간 변경 안내', '오늘 준비된 수량이 모두 소진되었습니다.', '2025-07-16 12:04:00'),
       (15, '이벤트 참여 방법', 'SNS 인증 시 기념품 제공됩니다.', '2025-07-16 12:10:00'),
       (15, '물품 소진 안내', '오늘 준비된 수량이 모두 소진되었습니다.', '2025-07-16 12:03:00'),
       (15, '주의 사항', '오늘 준비된 수량이 모두 소진되었습니다.', '2025-07-16 12:06:00'),
       (16, '운영 시간 변경 안내', '내부 사정으로 인해 시간 변경이 있습니다.', '2025-07-16 12:04:00'),
       (16, '물품 소진 안내', '내부 사정으로 인해 시간 변경이 있습니다.', '2025-07-16 12:12:00'),
       (18, '이벤트 참여 방법', '오늘 준비된 수량이 모두 소진되었습니다.', '2025-07-16 12:10:00'),
       (18, '운영 시간 변경 안내', 'SNS 인증 시 기념품 제공됩니다.', '2025-07-16 12:25:00'),
       (19, '임시 휴식 시간', '오늘 준비된 수량이 모두 소진되었습니다.', '2025-07-16 12:06:00'),
       (20, '임시 휴식 시간', 'SNS 인증 시 기념품 제공됩니다.', '2025-07-16 12:07:00'),
       (21, '물품 소진 안내', 'SNS 인증 시 기념품 제공됩니다.', '2025-07-16 12:21:00'),
       (23, '주의 사항', '더운 날씨로 인한 잠시 휴식이 예정되어 있습니다.', '2025-07-16 12:08:00'),
       (25, '물품 소진 안내', '더운 날씨로 인한 잠시 휴식이 예정되어 있습니다.', '2025-07-16 12:24:00'),
       (26, '이벤트 참여 방법', '줄서기 및 거리두기를 지켜주세요.', '2025-07-16 12:01:00'),
       (26, '운영 시간 변경 안내', '오늘 준비된 수량이 모두 소진되었습니다.', '2025-07-16 12:02:00'),
       (27, '운영 시간 변경 안내', '더운 날씨로 인한 잠시 휴식이 예정되어 있습니다.', '2025-07-16 12:03:00'),
       (27, '이벤트 참여 방법', '더운 날씨로 인한 잠시 휴식이 예정되어 있습니다.', '2025-07-16 12:04:00'),
       (28, '운영 시간 변경 안내', '오늘 준비된 수량이 모두 소진되었습니다.', '2025-07-16 12:04:00'),
       (28, '이벤트 참여 방법', 'SNS 인증 시 기념품 제공됩니다.', '2025-07-16 12:10:00'),
       (30, '물품 소진 안내', '오늘 준비된 수량이 모두 소진되었습니다.', '2025-07-16 12:03:00'),
       (30, '주의 사항', '오늘 준비된 수량이 모두 소진되었습니다.', '2025-07-16 12:06:00'),
       (31, '운영 시간 변경 안내', '내부 사정으로 인해 시간 변경이 있습니다.', '2025-07-16 12:04:00'),
       (31, '물품 소진 안내', '내부 사정으로 인해 시간 변경이 있습니다.', '2025-07-16 12:12:00'),
       (32, '이벤트 참여 방법', '오늘 준비된 수량이 모두 소진되었습니다.', '2025-07-16 12:10:00'),
       (34, '운영 시간 변경 안내', 'SNS 인증 시 기념품 제공됩니다.', '2025-07-16 12:25:00'),
       (34, '임시 휴식 시간', '오늘 준비된 수량이 모두 소진되었습니다.', '2025-07-16 12:06:00'),
       (34, '임시 휴식 시간', 'SNS 인증 시 기념품 제공됩니다.', '2025-07-16 12:07:00'),
       (35, '물품 소진 안내', 'SNS 인증 시 기념품 제공됩니다.', '2025-07-16 12:21:00'),
       (35, '주의 사항', '더운 날씨로 인한 잠시 휴식이 예정되어 있습니다.', '2025-07-16 12:08:00'),
       (35, '물품 소진 안내', '더운 날씨로 인한 잠시 휴식이 예정되어 있습니다.', '2025-07-16 12:24:00'),
       (35, '이벤트 참여 방법', '줄서기 및 거리두기를 지켜주세요.', '2025-07-16 12:01:00'),
       (36, '운영 시간 변경 안내', '오늘 준비된 수량이 모두 소진되었습니다.', '2025-07-16 12:02:00'),
       (36, '운영 시간 변경 안내', '더운 날씨로 인한 잠시 휴식이 예정되어 있습니다.', '2025-07-16 12:03:00'),
       (38, '이벤트 참여 방법', '더운 날씨로 인한 잠시 휴식이 예정되어 있습니다.', '2025-07-16 12:04:00'),
       (38, '운영 시간 변경 안내', '오늘 준비된 수량이 모두 소진되었습니다.', '2025-07-16 12:04:00'),
       (39, '이벤트 참여 방법', 'SNS 인증 시 기념품 제공됩니다.', '2025-07-16 12:10:00'),
       (39, '물품 소진 안내', '오늘 준비된 수량이 모두 소진되었습니다.', '2025-07-16 12:03:00'),
       (39, '주의 사항', '오늘 준비된 수량이 모두 소진되었습니다.', '2025-07-16 12:06:00'),
       (39, '운영 시간 변경 안내', '내부 사정으로 인해 시간 변경이 있습니다.', '2025-07-16 12:04:00'),
       (40, '물품 소진 안내', '내부 사정으로 인해 시간 변경이 있습니다.', '2025-07-16 12:12:00'),
       (40, '이벤트 참여 방법', '오늘 준비된 수량이 모두 소진되었습니다.', '2025-07-16 12:10:00'),
       (41, '운영 시간 변경 안내', 'SNS 인증 시 기념품 제공됩니다.', '2025-07-16 12:25:00'),
       (42, '임시 휴식 시간', '오늘 준비된 수량이 모두 소진되었습니다.', '2025-07-16 12:06:00'),
       (42, '임시 휴식 시간', 'SNS 인증 시 기념품 제공됩니다.', '2025-07-16 12:07:00'),
       (42, '물품 소진 안내', 'SNS 인증 시 기념품 제공됩니다.', '2025-07-16 12:21:00'),
       (43, '주의 사항', '더운 날씨로 인한 잠시 휴식이 예정되어 있습니다.', '2025-07-16 12:08:00'),
       (43, '물품 소진 안내', '더운 날씨로 인한 잠시 휴식이 예정되어 있습니다.', '2025-07-16 12:24:00'),
       (43, '이벤트 참여 방법', '줄서기 및 거리두기를 지켜주세요.', '2025-07-16 12:01:00'),
       (43, '운영 시간 변경 안내', '오늘 준비된 수량이 모두 소진되었습니다.', '2025-07-16 12:02:00'),
       (43, '운영 시간 변경 안내', '더운 날씨로 인한 잠시 휴식이 예정되어 있습니다.', '2025-07-16 12:03:00'),
       (45, '이벤트 참여 방법', '더운 날씨로 인한 잠시 휴식이 예정되어 있습니다.', '2025-07-16 12:04:00'),
       (45, '운영 시간 변경 안내', '오늘 준비된 수량이 모두 소진되었습니다.', '2025-07-16 12:04:00'),
       (45, '이벤트 참여 방법', 'SNS 인증 시 기념품 제공됩니다.', '2025-07-16 12:10:00'),
       (46, '물품 소진 안내', '오늘 준비된 수량이 모두 소진되었습니다.', '2025-07-16 12:03:00'),
       (47, '주의 사항', '오늘 준비된 수량이 모두 소진되었습니다.', '2025-07-16 12:06:00'),
       (49, '운영 시간 변경 안내', '내부 사정으로 인해 시간 변경이 있습니다.', '2025-07-16 12:04:00'),
       (49, '물품 소진 안내', '내부 사정으로 인해 시간 변경이 있습니다.', '2025-07-16 12:12:00'),
       (49, '이벤트 참여 방법', '오늘 준비된 수량이 모두 소진되었습니다.', '2025-07-16 12:10:00'),
       (50, '운영 시간 변경 안내', 'SNS 인증 시 기념품 제공됩니다.', '2025-07-16 12:25:00'),
       (50, '임시 휴식 시간', '오늘 준비된 수량이 모두 소진되었습니다.', '2025-07-16 12:06:00'),
       (50, '임시 휴식 시간', 'SNS 인증 시 기념품 제공됩니다.', '2025-07-16 12:07:00'),
       (52, '물품 소진 안내', 'SNS 인증 시 기념품 제공됩니다.', '2025-07-16 12:21:00'),
       (52, '주의 사항', '더운 날씨로 인한 잠시 휴식이 예정되어 있습니다.', '2025-07-16 12:08:00'),
       (53, '물품 소진 안내', '더운 날씨로 인한 잠시 휴식이 예정되어 있습니다.', '2025-07-16 12:24:00'),
       (55, '이벤트 참여 방법', '줄서기 및 거리두기를 지켜주세요.', '2025-07-16 12:01:00'),
       (55, '운영 시간 변경 안내', '오늘 준비된 수량이 모두 소진되었습니다.', '2025-07-16 12:02:00'),
       (55, '운영 시간 변경 안내', '더운 날씨로 인한 잠시 휴식이 예정되어 있습니다.', '2025-07-16 12:03:00'),
       (55, '이벤트 참여 방법', '더운 날씨로 인한 잠시 휴식이 예정되어 있습니다.', '2025-07-16 12:04:00'),
       (56, '운영 시간 변경 안내', '오늘 준비된 수량이 모두 소진되었습니다.', '2025-07-16 12:04:00'),
       (56, '이벤트 참여 방법', 'SNS 인증 시 기념품 제공됩니다.', '2025-07-16 12:10:00'),
       (57, '물품 소진 안내', '오늘 준비된 수량이 모두 소진되었습니다.', '2025-07-16 12:03:00'),
       (57, '주의 사항', '오늘 준비된 수량이 모두 소진되었습니다.', '2025-07-16 12:06:00'),
       (58, '운영 시간 변경 안내', '내부 사정으로 인해 시간 변경이 있습니다.', '2025-07-16 12:04:00'),
       (59, '물품 소진 안내', '내부 사정으로 인해 시간 변경이 있습니다.', '2025-07-16 12:12:00'),
       (59, '이벤트 참여 방법', '오늘 준비된 수량이 모두 소진되었습니다.', '2025-07-16 12:10:00'),
       (59, '운영 시간 변경 안내', 'SNS 인증 시 기념품 제공됩니다.', '2025-07-16 12:25:00'),
       (61, '임시 휴식 시간', '오늘 준비된 수량이 모두 소진되었습니다.', '2025-07-16 12:06:00'),
       (61, '임시 휴식 시간', 'SNS 인증 시 기념품 제공됩니다.', '2025-07-16 12:07:00'),
       (61, '물품 소진 안내', 'SNS 인증 시 기념품 제공됩니다.', '2025-07-16 12:21:00'),
       (62, '주의 사항', '더운 날씨로 인한 잠시 휴식이 예정되어 있습니다.', '2025-07-16 12:08:00'),
       (62, '물품 소진 안내', '더운 날씨로 인한 잠시 휴식이 예정되어 있습니다.', '2025-07-16 12:24:00'),
       (62, '이벤트 참여 방법', '줄서기 및 거리두기를 지켜주세요.', '2025-07-16 12:01:00'),
       (63, '운영 시간 변경 안내', '오늘 준비된 수량이 모두 소진되었습니다.', '2025-07-16 12:02:00'),
       (63, '운영 시간 변경 안내', '더운 날씨로 인한 잠시 휴식이 예정되어 있습니다.', '2025-07-16 12:03:00'),
       (65, '이벤트 참여 방법', '더운 날씨로 인한 잠시 휴식이 예정되어 있습니다.', '2025-07-16 12:04:00'),
       (65, '운영 시간 변경 안내', '오늘 준비된 수량이 모두 소진되었습니다.', '2025-07-16 12:04:00'),
       (65, '이벤트 참여 방법', 'SNS 인증 시 기념품 제공됩니다.', '2025-07-16 12:10:00'),
       (65, '물품 소진 안내', '오늘 준비된 수량이 모두 소진되었습니다.', '2025-07-16 12:03:00'),
       (66, '주의 사항', '오늘 준비된 수량이 모두 소진되었습니다.', '2025-07-16 12:06:00'),
       (67, '운영 시간 변경 안내', '내부 사정으로 인해 시간 변경이 있습니다.', '2025-07-16 12:04:00'),
       (67, '물품 소진 안내', '내부 사정으로 인해 시간 변경이 있습니다.', '2025-07-16 12:12:00'),
       (67, '이벤트 참여 방법', '오늘 준비된 수량이 모두 소진되었습니다.', '2025-07-16 12:10:00'),
       (68, '운영 시간 변경 안내', 'SNS 인증 시 기념품 제공됩니다.', '2025-07-16 12:25:00'),
       (68, '임시 휴식 시간', '오늘 준비된 수량이 모두 소진되었습니다.', '2025-07-16 12:06:00'),
       (69, '임시 휴식 시간', 'SNS 인증 시 기념품 제공됩니다.', '2025-07-16 12:07:00'),
       (69, '물품 소진 안내', 'SNS 인증 시 기념품 제공됩니다.', '2025-07-16 12:21:00');

-- ========================
-- 플레이스 이미지 (PlaceImage)
-- ========================
INSERT INTO place_image (place_id, image_url, sequence)
VALUES (1, 'https://picsum.photos/id/1/800/600', 1),
       (1, 'https://picsum.photos/id/2/800/600', 2),
       (2, 'https://picsum.photos/id/3/800/600', 1),
       (3, 'https://picsum.photos/id/4/800/600', 1),
       (3, 'https://picsum.photos/id/5/800/600', 2),
       (3, 'https://picsum.photos/id/6/800/600', 3),
       (5, 'https://picsum.photos/id/7/800/600', 1),
       (6, 'https://picsum.photos/id/8/800/600', 1),
       (6, 'https://picsum.photos/id/9/800/600', 2),
       (7, 'https://picsum.photos/id/10/800/600', 1),
       (8, 'https://picsum.photos/id/11/800/600', 1),
       (8, 'https://picsum.photos/id/12/800/600', 2),
       (8, 'https://picsum.photos/id/13/800/600', 3),
       (10, 'https://picsum.photos/id/14/800/600', 1),
       (11, 'https://picsum.photos/id/15/800/600', 1),
       (12, 'https://picsum.photos/id/16/800/600', 1),
       (12, 'https://picsum.photos/id/17/800/600', 2),
       (13, 'https://picsum.photos/id/18/800/600', 1),
       (14, 'https://picsum.photos/id/19/800/600', 1),
       (14, 'https://picsum.photos/id/20/800/600', 2),
       (14, 'https://picsum.photos/id/21/800/600', 3),
       (15, 'https://picsum.photos/id/22/800/600', 1),
       (17, 'https://picsum.photos/id/23/800/600', 1),
       (18, 'https://picsum.photos/id/24/800/600', 1),
       (18, 'https://picsum.photos/id/25/800/600', 2),
       (19, 'https://picsum.photos/id/26/800/600', 1),
       (20, 'https://picsum.photos/id/27/800/600', 1),
       (20, 'https://picsum.photos/id/28/800/600', 2),
       (20, 'https://picsum.photos/id/29/800/600', 3),
       (22, 'https://picsum.photos/id/30/800/600', 1),
       (23, 'https://picsum.photos/id/31/800/600', 1),
       (24, 'https://picsum.photos/id/32/800/600', 1),
       (25, 'https://picsum.photos/id/33/800/600', 1),
       (25, 'https://picsum.photos/id/34/800/600', 2),
       (26, 'https://picsum.photos/id/35/800/600', 1),
       (27, 'https://picsum.photos/id/36/800/600', 1),
       (27, 'https://picsum.photos/id/37/800/600', 2),
       (27, 'https://picsum.photos/id/38/800/600', 3),
       (29, 'https://picsum.photos/id/39/800/600', 1),
       (30, 'https://picsum.photos/id/40/800/600', 1),
       (31, 'https://picsum.photos/id/41/800/600', 1),
       (32, 'https://picsum.photos/id/42/800/600', 1),
       (32, 'https://picsum.photos/id/43/800/600', 2),
       (33, 'https://picsum.photos/id/44/800/600', 1),
       (34, 'https://picsum.photos/id/45/800/600', 1),
       (34, 'https://picsum.photos/id/46/800/600', 2),
       (34, 'https://picsum.photos/id/47/800/600', 3),
       (35, 'https://picsum.photos/id/48/800/600', 1),
       (37, 'https://picsum.photos/id/49/800/600', 1),
       (38, 'https://picsum.photos/id/50/800/600', 1),
       (38, 'https://picsum.photos/id/51/800/600', 2),
       (39, 'https://picsum.photos/id/52/800/600', 1),
       (40, 'https://picsum.photos/id/53/800/600', 1),
       (40, 'https://picsum.photos/id/54/800/600', 2),
       (40, 'https://picsum.photos/id/55/800/600', 3),
       (42, 'https://picsum.photos/id/56/800/600', 1),
       (43, 'https://picsum.photos/id/57/800/600', 1),
       (44, 'https://picsum.photos/id/58/800/600', 1),
       (45, 'https://picsum.photos/id/59/800/600', 1),
       (45, 'https://picsum.photos/id/60/800/600', 2),
       (46, 'https://picsum.photos/id/61/800/600', 1),
       (47, 'https://picsum.photos/id/62/800/600', 1),
       (47, 'https://picsum.photos/id/63/800/600', 2),
       (47, 'https://picsum.photos/id/64/800/600', 3),
       (49, 'https://picsum.photos/id/65/800/600', 1),
       (50, 'https://picsum.photos/id/66/800/600', 1),
       (51, 'https://picsum.photos/id/67/800/600', 1),
       (52, 'https://picsum.photos/id/68/800/600', 1),
       (52, 'https://picsum.photos/id/69/800/600', 2),
       (53, 'https://picsum.photos/id/70/800/600', 1),
       (54, 'https://picsum.photos/id/71/800/600', 1),
       (54, 'https://picsum.photos/id/72/800/600', 2),
       (54, 'https://picsum.photos/id/73/800/600', 3),
       (56, 'https://picsum.photos/id/74/800/600', 1),
       (57, 'https://picsum.photos/id/75/800/600', 1),
       (58, 'https://picsum.photos/id/76/800/600', 1),
       (59, 'https://picsum.photos/id/77/800/600', 1),
       (59, 'https://picsum.photos/id/78/800/600', 2),
       (60, 'https://picsum.photos/id/79/800/600', 1),
       (61, 'https://picsum.photos/id/80/800/600', 1),
       (61, 'https://picsum.photos/id/81/800/600', 2),
       (61, 'https://picsum.photos/id/82/800/600', 3),
       (63, 'https://picsum.photos/id/83/800/600', 1),
       (64, 'https://picsum.photos/id/84/800/600', 1),
       (65, 'https://picsum.photos/id/85/800/600', 1),
       (66, 'https://picsum.photos/id/86/800/600', 1),
       (66, 'https://picsum.photos/id/87/800/600', 2),
       (67, 'https://picsum.photos/id/88/800/600', 1),
       (68, 'https://picsum.photos/id/89/800/600', 1),
       (68, 'https://picsum.photos/id/90/800/600', 2),
       (68, 'https://picsum.photos/id/91/800/600', 3);

-- ========================
-- 디바이스 (Device)
-- ========================
INSERT INTO device (device_identifier, fcm_token)
VALUES ('android-uuid-1234', 'fcm-token-1234'),
       ('android-uuid-5678', 'fcm-token-5678');

-- ========================
-- 플레이스 즐겨찾기 (PlaceFavorite)
-- ========================
INSERT INTO place_favorite (place_id, device_id)
VALUES (1, 1),
       (2, 1),
       (3, 2),
       (4, 2);

-- ========================
-- 축제 알림 (FestivalNotification)
-- ========================
INSERT INTO festival_notification (festival_id, device_id)
VALUES (1, 1),
       (1, 2);
